sampleName,GTSP
GTSP0828-1,GTSP0828
GTSP0828-2,GTSP0828
GTSP0828-3,GTSP0828
GTSP0828-4,GTSP0828
GTSP0829-1,GTSP0829
GTSP0829-2,GTSP0829
GTSP0829-3,GTSP0829
GTSP0829-4,GTSP0829
GTSP0830-1,GTSP0830
GTSP0830-2,GTSP0830
GTSP0830-3,GTSP0830
GTSP0830-4,GTSP0830
GTSP0831-1,GTSP0831
GTSP0831-2,GTSP0831
GTSP0831-3,GTSP0831
GTSP0831-4,GTSP0831
GTSP0832-1,GTSP0832
GTSP0832-2,GTSP0832
GTSP0832-3,GTSP0832
GTSP0832-4,GTSP0832
GTSP0833-1,GTSP0833
GTSP0833-2,GTSP0833
GTSP0833-3,GTSP0833
GTSP0833-4,GTSP0833
GTSP0834-1,GTSP0834
GTSP0834-2,GTSP0834
GTSP0834-3,GTSP0834
GTSP0834-4,GTSP0834
